processes,points,trajectories,time_seconds
1,20000000,80000,9.28116
2,20000000,80000,4.3487
3,20000000,80000,2.8706
4,20000000,80000,2.13911
5,20000000,80000,1.69065
6,20000000,80000,1.38788
7,20000000,80000,1.32899
8,20000000,80000,1.32595
9,20000000,80000,1.3849
10,20000000,80000,1.34908
11,20000000,80000,1.47641
12,20000000,80000,1.46421
