processes,time_seconds,speedup,efficiency
1,9.281160,1.000000,1.000000
2,4.348700,2.134238,1.067119
3,2.870600,3.233178,1.077726
4,2.139110,4.338795,1.084699
5,1.690650,5.489699,1.097940
6,1.387880,6.687293,1.114549
7,1.328990,6.983619,0.997660
8,1.325950,6.999630,0.874954
9,1.384900,6.701682,0.744631
10,1.349080,6.879622,0.687962
11,1.476410,6.286303,0.571482
12,1.464210,6.338681,0.528223
