processes,time_seconds,speedup,efficiency
1,0.846749,1.000000,1.000000
2,0.403569,2.098152,1.049076
3,0.266661,3.175376,1.058459
4,0.196564,4.307752,1.076938
5,0.159526,5.307906,1.061581
6,0.135621,6.243495,1.040582
7,0.128461,6.591487,0.941641
8,0.132362,6.397221,0.799653
9,0.122015,6.939712,0.771079
10,0.160689,5.269490,0.526949
11,0.154965,5.464131,0.496739
12,0.149879,5.649551,0.470796
