processes,points,trajectories,time_seconds
1,2000000,20000,0.846749
2,2000000,20000,0.403569
3,2000000,20000,0.266661
4,2000000,20000,0.196564
5,2000000,20000,0.159526
6,2000000,20000,0.135621
7,2000000,20000,0.128461
8,2000000,20000,0.132362
9,2000000,20000,0.122015
10,2000000,20000,0.160689
11,2000000,20000,0.154965
12,2000000,20000,0.149879
